Îº,de_1,de_2,de_3,de_4,de_5,de_6,de_7,de_8,de_9,gj1_1,gj1_2,gj1_5,gj2_1,gj2_2,gj2_3,gj2_4,gj2_5,gj2_6,gj2_7,gj2_8,gj2_9,,
1.4454397707459274,0.932401412910665,0.9865360790611518,1.0143264472647202,1.0285779848765662,1.0330879287139916,1.0288003602304274,1.0147607455124716,0.9871572759927205,0.9331534213221849,0.3154456175876763,0.6388006113682593,1.7597537846067963,6.157394260643691,6.157394260643691,6.157394260643691,6.157394260643691,6.157394260643691,6.157394260643691,6.157394260643691,6.157394260643691,6.157394260643691,,
2.0892961308540396,0.8907072679098283,0.9425039259736487,0.9691510753645168,0.982871741546188,0.9872878960853182,0.9832967835866501,0.9699811821588907,0.9436912692913313,0.892144647196397,0.3154048151468667,0.6384531100049401,1.750842779951839,4.775330949780423,4.775330949780423,4.775330949780423,4.775330949780423,4.775330949780423,4.775330949780423,4.775330949780423,4.775330949780423,4.775330949780423,,
3.0199517204020165,0.8501100643544937,0.8996245253744579,0.925151825142496,0.9383485557794965,0.9426664076249243,0.9389573238828558,0.926340751796206,0.9013251140109285,0.8521687836346613,0.3153368308806952,0.6378746780402272,1.7362169524330253,3.97142473084524,3.97142473084524,3.97142473084524,3.97142473084524,3.97142473084524,3.97142473084524,3.97142473084524,3.97142473084524,3.97142473084524,,
4.36515832240166,0.8110063556972825,0.8583179222301779,0.8827611014372632,0.8954474508853316,0.8996649489854196,0.8962221511960544,0.8842740997198286,0.8604820617560996,0.8136262696170867,0.31524169446948463,0.6370664171546765,1.7161992766844765,3.405836416067675,3.405836416067675,3.405836416067675,3.405836416067675,3.405836416067675,3.405836416067675,3.405836416067675,3.405836416067675,3.405836416067675,,
6.309573444801933,0.7736721635628455,0.8188767289440269,0.8422804032421398,0.8544748315453795,0.8585919374328131,0.8553990526775942,0.8440854255279754,0.8214585893097468,0.776797807768068,0.31511944742083575,0.6360298621765382,1.6912125135418552,2.972020428637897,2.972020428637897,2.972020428637897,2.972020428637897,2.972020428637897,2.972020428637897,2.972020428637897,2.972020428637897,2.972020428637897,,
9.120108393559097,0.7382686062105295,0.7814720267583689,0.8038863283367036,0.8156105056921579,0.8196287014793217,0.8166693191454963,0.805954223571643,0.7844299222397194,0.7418495356032264,0.31497014302488624,0.634766973642536,1.6617544138881148,2.622472702869407,2.622472702869407,2.622472702869407,2.622472702869407,2.622472702869407,2.622472702869407,2.622472702869407,2.622472702869407,2.622472702869407,,
13.182567385564074,0.7048613265110716,0.7461738792593878,0.7676516147741239,0.7789289683162463,0.7828508032916425,0.7801089244335094,0.769956120464291,0.7494702567150513,0.7088521005212504,0.31479384629694557,0.6332801283535249,1.628371306562439,2.331806713500598,2.331806713500598,2.331806713500598,2.331806713500598,2.331806713500598,2.331806713500598,2.331806713500598,2.331806713500598,2.331806713500598,,
19.054607179632473,0.6734445830418849,0.7129767939504337,0.7335712863576955,0.7444258784985114,0.7482545949297477,0.7457149344888859,0.7360888879073534,0.7165780314027362,0.6778045213898144,0.31459063390761627,0.631572108012718,1.5916326037087711,2.0848230789008046,2.0848230789008046,2.0848230789008046,2.0848230789008046,2.0848230789008046,2.0848230789008046,2.0848230789008046,2.0848230789008046,2.0848230789008046,,
27.542287033381676,0.6439638797947334,0.6818236500925504,0.7015872357893749,0.7120429677075264,0.715782214854572,0.7134303789811539,0.7042969542061915,0.6856997528981748,0.648656694367001,0.31436059410054684,0.6296460860508547,1.5521081659870515,1.8716733258573504,1.8716733258573504,1.8716733258573504,1.8716733258573504,1.8716733258573504,1.8716733258573504,1.8716733258573504,1.8716733258573504,1.8716733258573504,,
39.810717055349734,0.6163343340174108,0.6526251263195325,0.6716081914723011,0.6816882782552451,0.6853419057645113,0.6831644752538825,0.6744913427626451,0.6567493828865015,0.6213277118417208,0.3141038265979772,0.6275056127577939,1.5103497300911468,1.6855903489593091,1.6855903489593091,1.6855903489593091,1.6855903489593091,1.6855903489593091,1.6855903489593091,1.6855903489593091,1.6855903489593091,1.6855903489593091,,
57.543993733715695,0.5904542566939526,0.6252740686925832,0.6435244889969821,0.6532511406894933,0.6568230557516757,0.6548076049370757,0.6465644420504083,0.6296227040673055,0.5957194403916567,0.3138204424942788,0.6251545988533436,1.4668768843911517,1.5217071676858145,1.5217071676858145,1.5217071676858145,1.5217071676858145,1.5217071676858145,1.5217071676858145,1.5217071676858145,1.5217071676858145,1.5217071676858145,,
83.17637711026708,0.5662145436426461,0.5996554293604763,0.6172182922688636,0.6266125409922602,0.6301066132801375,0.6282416878234085,0.6204002397946169,0.6042072775081573,0.5717259345553647,0.31351056413768325,0.6225972976415466,1.4221674999865894,1.3763925647443247,1.3763925647443247,1.3763925647443247,1.3763925647443247,1.3763925647443247,1.3763925647443247,1.3763925647443247,1.3763925647443247,1.3763925647443247,,
120.22644346174131,0.5435048263172654,0.5756527783410141,0.5925702930722221,0.6016519187405133,0.6050719195632456,0.6033469901186261,0.5958810422485772,0.5803889826415574,0.5492396218255546,0.3131743250004576,0.6198382859019688,1.376652132716772,1.246854190129791,1.246854190129791,1.246854190129791,1.246854190129791,1.246854190129791,1.246854190129791,1.246854190129791,1.246854190129791,1.246854190129791,,
173.78008287493762,0.5222172949349978,0.5531523530329489,0.569463879675517,0.5782513994938309,0.581600964709805,0.5800063679680935,0.5728916645596329,0.5580560979172092,0.5281551635025533,0.3128118695377662,0.6168824436787618,1.33071170252947,1.130889700700975,1.130889700700975,1.130889700700975,1.130889700700975,1.130889700700975,1.130889700700975,1.130889700700975,1.130889700700975,1.130889700700975,,
251.18864315095797,0.5022489297941433,0.5320454234970524,0.5477875737867429,0.5562982712529538,0.5595808803178461,0.558107754848147,0.5513218890811994,0.5371016966426436,0.5083717230286963,0.3124233530355051,0.6137349331333417,1.2846776947029055,1.0267244024075695,1.0267244024075695,1.0267244024075695,1.0267244024075695,1.0267244024075695,1.0267244024075695,1.0267244024075695,1.0267244024075695,1.0267244024075695,,
363.0780547701014,0.4835026826653153,0.5122295465806794,0.5274363247545144,0.5356863018114916,0.5389052675948701,0.5375454890523012,0.5310677793704126,0.5174249294333119,0.4897941816872006,0.3120089414474158,0.6104011766294096,1.2388341664055298,0.93290174828553,0.93290174828553,0.93290174828553,0.93290174828553,0.93290174828553,0.93290174828553,0.93290174828553,0.93290174828553,0.93290174828553,,
524.8074602497728,0.46588798629466904,0.49360910876070535,0.5083120720185712,0.5163163136309977,0.5194747793062842,0.518220897680021,0.5120322604407544,0.49893159252630054,0.4723336789535296,0.31156881122177976,0.6068868342198669,1.1934209383836085,0.8482073625422253,0.8482073625422253,0.8482073625422253,0.8482073625422253,0.8482073625422253,0.8482073625422253,0.8482073625422253,0.8482073625422253,0.8482073625422253,,
758.5775750291835,0.4493208466705771,0.4760954271137466,0.4903238527724452,0.4980962970529314,0.501197237552342,0.5000424179110077,0.49412524217285103,0.48153425128179694,0.4559077320487508,0.3111031491180515,0.6031977807039702,1.1486374711771736,0.771615014215853,0.771615014215853,0.771615014215853,0.771615014215853,0.771615014215853,0.771615014215853,0.771615014215853,0.771615014215853,0.771615014215853,,
1096.4781961431852,0.43372368544331974,0.45960658553649564,0.4733876369652847,0.48094124654669634,0.4839874728939211,0.4829254403244115,0.4772634681281837,0.4651520961638806,0.44044010228931085,0.31061215201376424,0.5993400824199596,1.1046470453323445,0.7022473566583266,0.7022473566583266,0.7022473566583266,0.7022473566583266,0.7022473566583266,0.7022473566583266,0.7022473566583266,0.7022473566583266,0.7022473566583266,,
1584.8931924611124,0.4190250404777801,0.4440671204986075,0.45742600718138005,0.46477283922111007,0.46776700461367515,0.4667919935868627,0.46137020749290336,0.4497106457531534,0.4258605165406286,0.31009602670209635,0.5953199739335465,1.0615809725492538,0.6393468365868963,0.6393468365868963,0.6393468365868963,0.6393468365868963,0.6393468365868963,0.6393468365868963,0.6393468365868963,0.6393468365868963,0.6393468365868963,,
2290.8676527677726,0.40515919304956916,0.42940762885545364,0.4423677580120472,0.44951903130798243,0.4524636381984999,0.4515703463231387,0.44637486497182205,0.4351413696125542,0.4121043126412517,0.3095549896804705,0.5911438347762141,1.019542653802649,0.5822537529233985,0.5822537529233985,0.5822537529233985,0.5822537529233985,0.5822537529233985,0.5822537529233985,0.5822537529233985,0.5822537529233985,0.5822537529233985,,
3311.311214825911,0.39206576440334073,0.4155643429588171,0.4281474614767127,0.43511361987491504,0.43801102755365934,0.437194573527309,0.43221255538622116,0.42138127652608887,0.39911205185761034,0.30898926693059314,0.5868181663794292,0.9786113701439043,0.530389434952387,0.530389434952387,0.530389434952387,0.530389434952387,0.530389434952387,0.530389434952387,0.530389434952387,0.530389434952387,0.530389434952387,,
4786.30092322638,0.3796893077383301,0.4024787006800932,0.4147050269269527,0.4214957986435918,0.4243482309945227,0.42360411648167173,0.41882367158709566,0.40837249597958225,0.38682912474279285,0.308399093690341,0.5823495693418576,0.9388457437410437,0.4832431465436611,0.4832431465436611,0.4832431465436611,0.4832431465436611,0.4832431465436611,0.4832431465436611,0.4832431465436611,0.4832431465436611,0.4832431465436611,,
6918.309709189362,0.3679789110348865,0.3900969266870248,0.40198527227180353,0.40860972502702736,0.411419278243097,0.4107433533768835,0.406153462678304,0.3960618694479482,0.37520536608384447,0.30778471421792486,0.5777447211566092,0.9002868435401689,0.44036174316597376,0.44036174316597376,0.44036174316597376,0.44036174316597376,0.44036174316597376,0.44036174316597376,0.44036174316597376,0.44036174316597376,0.44036174316597376,,
10000.0,0.3568878193836101,0.37836963416682245,0.3899375160085988,0.3964041080371789,0.39917275815710307,0.39856119035386794,0.39415163216903,0.38440056087523244,0.3641946878334869,0.3071463815487503,0.5730103545147647,0.8629609348311676,0.4013413909243025,0.4013413909243025,0.4013413909243025,0.4013413909243025,0.4013413909243025,0.4013413909243025,0.4013413909243025,0.4013413909243025,0.4013413909243025,,
14454.39770745928,0.34637308124015176,0.367251451700158,0.37851519492454566,0.3848318220259779,0.38756143220603745,0.3870106779900694,0.3827719610370183,0.37334369121826033,0.3537547346508275,0.3064843572454389,0.5681532362899893,0.8268818878600844,0.36582085035215967,0.36582085035215967,0.36582085035215967,0.36582085035215967,0.36582085035215967,0.36582085035215967,0.36582085035215967,0.36582085035215967,0.36582085035215967,,
20892.96130854041,0.33639522040189646,0.35670067720783966,0.3676755094694081,0.3738495483137891,0.37654187578290527,0.37604865533515397,0.37197195780276393,0.36284999911853116,0.3438465640202919,0.3057989111414403,0.5631801472972949,0.7920532699064455,0.33347596237183486,0.33347596237183486,0.33347596237183486,0.33347596237183486,0.33347596237183486,0.33347596237183486,0.33347596237183486,0.33347596237183486,0.33347596237183486,,
30199.51720402013,0.32691793390479007,0.34667895919835134,0.35737909705500936,0.3634174449866994,0.3660741476564801,0.36563542182147446,0.3617125359561496,0.3528815280532757,0.33443435129570676,0.3050903210786992,0.5580978629070121,0.7584701499027668,0.30401506892727054,0.30401506892727054,0.30401506892727054,0.30401506892727054,0.30401506892727054,0.30401506892727054,0.30401506892727054,0.30401506892727054,0.30401506892727054,,
43651.58322401656,0.31790781509459426,0.33715100454315483,0.3475897325049416,0.3534988440942307,0.3561214868115525,0.35573443631869545,0.3519577180327671,0.3434033392982507,0.32548511905180816,0.3043588726398446,0.5529131345830446,0.7261206462204891,0.27717516879503457,0.27717516879503457,0.27717516879503457,0.27717516879503457,0.27717516879503457,0.27717516879503457,0.27717516879503457,0.27717516879503457,0.27717516879503457,,
63095.7344480193,0.30933410059658967,0.32808431144347155,0.33827405429636903,0.34405997488684714,0.3466500353272504,0.3463120420045875,0.34267436504555465,0.3343832494571869,0.31696848957765744,0.3036048588753577,0.5476326724026278,0.694987247792376,0.25271865826491025,0.25271865826491025,0.25271865826491025,0.25271865826491025,0.25271865826491025,0.25271865826491025,0.25271865826491025,0.25271865826491025,0.25271865826491025,,
91201.08393559097,0.30116843963738604,0.3194489259643634,0.3294013149377111,0.33506971142815506,0.3376285856355071,0.3373372154151183,0.33383192967068664,0.32579159101262184,0.30885645906119186,0.30282858002618795,0.5422631286032454,0.6650479370799307,0.2304305423267669,0.2304305423267669,0.2304305423267669,0.2304305423267669,0.2304305423267669,0.2304305423267669,0.2304305423267669,0.2304305423267669,0.2304305423267669,,
131825.67385564075,0.2933846840636178,0.3112172203951582,0.32094315370412585,0.326499342791228,0.32902835037385003,0.32878133790775976,0.3254022314574619,0.3176009942255844,0.3011231918925507,0.30203034324229444,0.5368110821912013,0.6362771410758515,0.21011602851631594,0.21011602851631594,0.21011602851631594,0.21011602851631594,0.21011602851631594,0.21011602851631594,0.21011602851631594,0.21011602851631594,0.21011602851631594,,
190546.07179632483,0.285958697392253,0.30336369168327587,0.31287338993884173,0.3183223640328047,0.32082275302930746,0.3206179877530337,0.31735925231179213,0.30978618869064106,0.2937448334929023,0.30121046229757503,0.5312830246357232,0.6086465339251996,0.19159843530219878,0.19159843530219878,0.19159843530219878,0.19159843530219878,0.19159843530219878,0.19159843530219878,0.19159843530219878,0.19159843530219878,0.19159843530219878,,
275422.87033381633,0.2788681812758866,0.295864778238814,0.3051678351787581,0.3105142861887949,0.31298723761872144,0.3128227511162434,0.3096789505478766,0.3023238228953974,0.28669934011479387,0.30036925730164965,0.525685346662451,0.5821257120930108,0.17471736169649357,0.17471736169649357,0.17471736169649357,0.17471736169649357,0.17471736169649357,0.17471736169649357,0.17471736169649357,0.17471736169649357,0.17471736169649357,,
398107.1705534969,0.27209251784842453,0.2886986934930378,0.2978041224497922,0.30305246362158894,0.30549909573699446,0.3053730502760275,0.30233909188505437,0.2951923002126885,0.27996632413402717,0.299507054408973,0.5200243261508058,0.556682760446879,0.15932707595800666,0.15932707595800666,0.15932707595800666,0.15932707595800666,0.15932707595800666,0.15932707595800666,0.15932707595800666,0.15932707595800666,0.15932707595800666,,
575439.9373371566,0.2656126265157472,0.28184527469798437,0.2907615511834377,0.29591593715610487,0.2983373094106375,0.298247987530741,0.29531909586879823,0.28837162985200365,0.27352691344527646,0.2986241855257349,0.5143061171311719,0.5322847252434084,0.14529508977784913,0.14529508977784913,0.14529508977784913,0.14529508977784913,0.14529508977784913,0.14529508977784913,0.14529508977784913,0.14529508977784913,0.14529508977784913,,
831763.7711026708,0.25941083386232827,0.27528584556620195,0.28402094632008973,0.28908529155628054,0.29148240830835054,0.2914282033566696,0.28859989630541094,0.2818432914035091,0.2673636236740127,0.29772098801500374,0.5085367398699312,0.5088980078481533,0.13250089087387776,0.13250089087387776,0.13250089087387776,0.13250089087387776,0.13250089087387776,0.13250089087387776,0.13250089087387776,0.13250089087387776,0.13250089087387776,,
1.2022644346174132e6,0.2534707554519787,0.26900309146239715,0.27756453027986466,0.28254252600972163,0.28491633997608334,0.28489574749652585,0.2821638144121358,0.2755901117164569,0.26146024201924123,0.29679780440057424,0.5027220720234058,0.4864886910931631,0.12083481197364974,0.12083481197364974,0.12083481197364974,0.12083481197364974,0.12083481197364974,0.12083481197364974,0.12083481197364974,0.12083481197364974,0.12083481197364974,,
1.7378008287493729e6,0.24777718840528265,0.26298094596864946,0.2713758065939671,0.2762709364014238,0.27862235187702755,0.27863396176854194,0.2759944434940771,0.26959615295988126,0.2558017216413939,0.2958549820699602,0.4968678408354624,0.4650228084809285,0.11019701810129125,0.11019701810129125,0.11019701810129125,0.11019701810129125,0.11019701810129125,0.11019701810129125,0.11019701810129125,0.11019701810129125,0.11019701810129125,,
2.511886431509577e6,0.24231601373552833,0.2572044877493544,0.2654394540965229,0.2702550082652583,0.27258488412463117,0.272627373493063,0.27007654406390136,0.263846610814703,0.2503740856049759,0.29489287297697425,0.4909796163481362,0.44446656496507214,0.10049659717322339,0.10049659717322339,0.10049659717322339,0.10049659717322339,0.10049659717322339,0.10049659717322339,0.10049659717322339,0.10049659717322339,0.10049659717322339,,
3.63078054770101e6,0.23707410751800692,0.25165984674008923,0.2597412306770969,0.264480319403089,0.26678947189781826,0.26686159853370556,0.2643959484185865,0.25832772184153263,0.24516433947517097,0.29391183334432436,0.4850628055898991,0.42478651675800455,0.09165074135272401,0.09165074135272401,0.09165074135272401,0.09165074135272401,0.09165074135272401,0.09165074135272401,0.09165074135272401,0.09165074135272401,0.09165074135272401,,
5.248074602497723e6,0.23203926005380224,0.24633411877547853,0.25426788568711706,0.25893345125524403,0.26122265662140187,0.26132325304310217,0.25893947377874577,0.2530266791568507,0.24016039175083603,0.2929122233666535,0.47912264770231644,0.4059497165133143,0.08358400856453696,0.08358400856453696,0.08358400856453696,0.08358400856453696,0.08358400856453696,0.08358400856453696,0.08358400856453696,0.08358400856453696,0.08358400856453696,,
7.5857757502918355e6,0.22720010226865486,0.24121528785487759,0.24900708017914655,0.2536019081925864,0.2558719050811735,0.255999873089,0.2536948431802498,0.24793155563180352,0.23535098139313954,0.2918944069144277,0.4731642099626066,0.3879238292851708,0.07622765514150613,0.07622765514150613,0.07622765514150613,0.07622765514150613,0.07622765514150613,0.07622765514150613,0.07622765514150613,0.07622765514150613,0.07622765514150613,,
1.0964781961431852e7,0.22254603866015085,0.2362921553212905,0.24394731423637003,0.248474043979609,0.2507255357223294,0.2508798414149745,0.24865061338496497,0.24303123390255416,0.2307256117794609,0.29085875123908184,0.4671923846570885,0.37067722385852536,0.06951903185096642,0.06951903185096642,0.06951903185096642,0.06951903185096642,0.06951903185096642,0.06951903185096642,0.06951903185096642,0.06951903185096642,0.06951903185096642,,
1.5848931924611108e7,0.21806718617272128,0.23155427529876874,0.23907786072116594,0.24353899473017823,0.24577265145209867,0.24595232066163147,0.24379610914776914,0.23831534254928827,0.2262744904763926,0.289805626679804,0.4612118867586149,0.354179043354146,0.06340103659419549,0.06340103659419549,0.06340103659419549,0.06340103659419549,0.06340103659419549,0.06340103659419549,0.06340103659419549,0.06340103659419549,0.06340103659419549,,
2.29086765276777e7,0.21375431844022433,0.22699189579710277,0.23438870483673957,0.23878661774330873,0.24100307833321838,0.2412071924394035,0.23912136324109953,0.23377419786310044,0.22198847428421814,0.28873540637234535,0.4552272523597763,0.3383992584249637,0.05782161793697199,0.05782161793697199,0.05782161793697199,0.05782161793697199,0.05782161793697199,0.05782161793697199,0.05782161793697199,0.05782161793697199,0.05782161793697199,,
3.3113112148259077e7,0.2095988148903661,0.22259590495007506,0.22987048895464648,0.23420743566579422,0.236407309614364,0.2366350017030388,0.2346170616962487,0.22939875067616627,0.21785901905818542,0.28764846596021465,0.4492428378128868,0.32330870586029853,0.052733324350985385,0.052733324350985385,0.052733324350985385,0.052733324350985385,0.052733324350985385,0.052733324350985385,0.052733324350985385,0.052733324350985385,0.052733324350985385,,
4.78630092322638e7,0.20559261425469363,0.21835778190572594,0.2255144622144932,0.22979258548252812,0.23197645459768612,0.2322269059314912,0.23027449377331496,0.22518053778168545,0.2138781338600337,0.2865451833086105,0.4432628195274787,0.30887911498942416,0.04809289465343994,0.04809289465343994,0.04809289465343994,0.04809289465343994,0.04809289465343994,0.04809289465343994,0.04809289465343994,0.04809289465343994,0.04809289465343994,,
6.918309709189363e7,0.20172817207235114,0.2142695519339746,0.22131243445014714,0.22553377188388515,0.227702191892174,0.2279746286651116,0.2260855062190725,0.2211116375159982,0.21003833903651264,0.2854259382214333,0.4372911943761882,0.2950831239145951,0.0438608856481813,0.0438608856481813,0.0438608856481813,0.0438608856481813,0.0438608856481813,0.0438608856481813,0.0438608856481813,0.0438608856481813,0.0438608856481813,,
1.0e8,0.19799842181624497,0.2103237453596154,0.21725673404051746,0.22142322460372962,0.22357672664579264,0.22387041699593002,0.22204246141517361,0.21718462911711456,0.20633262786106635,0.28429111216169095,0.4313317806604439,0.28189428729656607,0.04000133341333887,0.04000133341333887,0.04000133341333887,0.04000133341333887,0.04000133341333887,0.04000133341333887,0.04000133341333887,0.04000133341333887,0.04000133341333887,,
1.445439770745928e8,0.19439673930632284,0.20651335996674916,0.21334016932195166,0.21745365936100303,0.21959275138876805,0.21990700264594262,0.21813819905754997,0.2133925555111851,0.2027544314100106,0.2831410879756242,0.42538821958824335,0.26928707715461214,0.03648144506148251,0.03648144506148251,0.03648144506148251,0.03648144506148251,0.03648144506148251,0.03648144506148251,0.03648144506148251,0.03648144506148251,0.03648144506148251,,
2.089296130854041e8,0.19091691010753714,0.20283182655538476,0.20955599323483212,0.21361824207376795,0.21574341015634899,0.2160775663040053,0.21436600104297127,0.20972888921247457,0.1992975863766135,0.2819762496208285,0.41946397721747236,0.25723687792113265,0.03327131812920694,0.03327131812920694,0.03327131812920694,0.03327131812920694,0.03327131812920694,0.03327131812920694,0.03327131812920694,0.03327131812920694,0.03327131812920694,,
3.019951720402019e8,0.18755309963945332,0.1992729773619587,0.2058978709087416,0.20991055604671063,0.21202226559153947,0.2123757049238613,0.2107195592701072,0.20618750105284164,0.19595630555519375,0.2807969818986655,0.4135623468196177,0.24571997680222346,0.030343685042372993,0.030343685042372993,0.030343685042372993,0.030343685042372993,0.030343685042372993,0.030343685042372993,0.030343685042372993,0.030343685042372993,0.030343685042372993,,
4.3651583224016654e8,0.18429982575087756,0.19583101708339098,0.20235984991913802,0.20632457186198355,0.20842326875720407,0.20879540171452757,0.20719294609065508,0.202762631484096,0.1927251507531541,0.2796036701912195,0.40768645162035017,0.23471355033505564,0.027673680357598856,0.027673680357598856,0.027673680357598856,0.027673680357598856,0.027673680357598856,0.027673680357598856,0.027673680357598856,0.027673680357598856,0.027673680357598856,,
6.309573444801917e8,0.18115193353687128,0.19250049626961663,0.19893633297443478,0.20285461972951166,0.204940731413226,0.20533099858035267,0.20378058717175287,0.1994488642214943,0.18959900791233794,0.27839670020305773,0.4018392478752146,0.22419564789625662,0.02523862870539871,0.02523862870539871,0.02523862870539871,0.02523862870539871,0.02523862870539871,0.02523862870539871,0.02523862870539871,0.02523862870539871,0.02523862870539871,,
9.120108393559115e8,0.17810457219685974,0.1892762868720539,0.19562205281547332,0.1994953640762287,0.2015693005377713,0.20197717079126173,0.20047723655371424,0.1962411020187674,0.18657306424196798,0.27717645770801363,0.3960235282405782,0.2141451727991747,0.023017851559962957,0.023017851559962957,0.023017851559962957,0.023017851559962957,0.023017851559962957,0.023017851559962957,0.023017851559962957,0.023017851559962957,0.023017851559962957,,
1.3182567385564048e9,0.17515317375194328,0.1861535597559463,0.19241204913036816,0.1962417801749375,0.19830393489296755,0.19872890368481458,0.19727795370788348,0.19313454438521752,0.1836427871844227,0.27594332830122476,0.3902419254019958,0.2045418615188241,0.02099249113847858,0.02099249113847858,0.02099249113847858,0.02099249113847858,0.02099249113847858,0.02099249113847858,0.02099249113847858,0.02099249113847858,0.02099249113847858,,
1.905460717963252e9,0.17229343345684534,0.18312776400280306,0.1893016473064553,0.19308913263244573,0.19513988345429412,0.1955814712205502,0.19417808241794912,0.19012466707340753,0.1808039050520687,0.27469769715662,0.38449691592418395,0.19536626149888112,0.019145349892007738,0.019145349892007738,0.019145349892007738,0.019145349892007738,0.019145349892007738,0.019145349892007738,0.019145349892007738,0.019145349892007738,0.019145349892007738,,
2.7542287033381634e9,0.1695212917575638,0.1801946078456635,0.1862864388579967,0.19003295557374167,0.19207266554011754,0.19253041622411407,0.19117323132479572,0.18720720318221076,0.17805238918868815,0.2734399487900461,0.3787908242889534,0.18659970792317732,0.017460744192710816,0.017460744192710816,0.017460744192710816,0.017460744192710816,0.017460744192710816,0.017460744192710816,0.017460744192710816,0.017460744192710816,0.017460744192710816,,
3.9810717055349693e9,0.1668329176599734,0.17735004109488056,0.18336226338364292,0.18706903437449707,0.1890980524933534,0.18957153217410327,0.18825925599016297,0.18437812573472862,0.17538443752294303,0.27217046682819734,0.3731258270895231,0.17822429977279053,0.015924370950586044,0.015924370950586044,0.015924370950586044,0.015924370950586044,0.015924370950586044,0.015924370950586044,0.015924370950586044,0.015924370950586044,0.015924370950586044,,
5.754399373371567e9,0.16422469338719162,0.17459023892538417,0.1805251919212607,0.18419338880794225,0.18621205078101813,0.1867008463982512,0.18543224234784464,0.18163363160364465,0.17279645939363802,0.2708896337835165,0.3675039573517812,0.1702228754375671,0.014523186008654347,0.014523186008654347,0.014523186008654347,0.014523186008654347,0.014523186008654347,0.014523186008654347,0.014523186008654347,0.014523186008654347,0.014523186008654347,,
8.317637711026709e9,0.16169320021494363,0.17191158690844172,0.17777151158009832,0.18140225748466485,0.1834108863899594,0.1839146045580141,0.18268849142339746,0.1789701266684625,0.17028506153774742,0.2695978308351953,0.36192710895514835,0.16257898810633659,0.013245293270029634,0.013245293270029634,0.013245293270029634,0.013245293270029634,0.013245293270029634,0.013245293270029634,0.013245293270029634,0.013245293270029634,0.013245293270029634,,
1.2022644346174131e10,0.1592352053846898,0.16931066718205182,0.17509771134166555,0.17869208347542048,0.18069099040861542,0.18120925631210733,0.18002450521463403,0.17638421210004504,0.1678470351425225,0.26829543761640834,0.3563970411277597,0.15527688112209131,0.012079843604858288,0.012079843604858288,0.012079843604858288,0.012079843604858288,0.012079843604858288,0.012079843604858288,0.012079843604858288,0.012079843604858288,0.012079843604858288,,
1.7378008287493763e10,0.15684765000312176,0.16678424566344086,0.17250046893027562,0.176059501016722,0.17804898569434138,0.17858144205915932,0.17743697363463293,0.17387267167704862,0.16547934387164867,0.2669828320078853,0.3509153829926758,0.14830146345603648,0.011016942670761346,0.011016942670761346,0.011016942670761346,0.011016942670761346,0.011016942670761346,0.011016942670761346,0.011016942670761346,0.011016942670761346,0.011016942670761346,,
2.511886431509582e10,0.15452763784547247,0.16432926021646577,0.1699766386637758,0.1735013232086634,0.17548167453555946,0.17602798066930708,0.17492276242850655,0.1714324600480789,0.1631791127841355,0.2656603899379229,0.3454836381437894,0.1416382854268413,0.010047566858027676,0.010047566858027676,0.010047566858027676,0.010047566858027676,0.010047566858027676,0.010047566858027676,0.010047566858027676,0.010047566858027676,0.010047566858027676,,
3.630780547701018e10,0.15227242498731294,0.16194280969435862,0.16752324020281642,0.17101453062235258,0.1729860272259116,0.17354585812242668,0.17247890198290722,0.16906069186090278,0.16094361807170326,0.2643284851889129,0.34010318923197375,0.13527351476796226,0.009163486641313917,0.009163486641313917,0.009163486641313917,0.009163486641313917,0.009163486641313917,0.009163486641313917,0.009163486641313917,0.009163486641313917,0.009163486641313917,,
5.248074602497712e10,0.15007941019644622,0.15962214378557324,0.1651374481245272,0.16859626074192677,0.17055917147521635,0.17113221697826425,0.17010257695470213,0.16675463168728458,0.15877027754725612,0.2629874892104596,0.33477530254379384,0.12919391312594278,0.008357196683592704,0.008357196683592704,0.008357196683592704,0.008357196683592704,0.008357196683592704,0.008357196683592704,0.008357196683592704,0.008357196683592704,0.008357196683592704,,
7.585775750291852e10,0.1479461260226999,0.15736465359703292,0.1628165822531745,0.16624379817291446,0.1681983825888305,0.16878434661048972,0.16779111665190088,0.16451168467847238,0.15665664182312355,0.26163777093913987,0.3295011325568523,0.12338681305564578,0.007621852096286062,0.007621852096286062,0.007621852096286062,0.007621852096286062,0.007621852096286062,0.007621852096286062,0.007621852096286062,0.007621852096286062,0.007621852096286062,,
1.0964781961431828e11,0.14587023052886902,0.1551678629148322,0.16055809868627735,0.16395456555467613,0.16590107435299856,0.1664996741426358,0.16554198610576135,0.16232938789202972,0.15460038612310206,0.260279696624942,0.3242817264574433,0.11784009556399372,0.006951210312442853,0.006951210312442853,0.006951210312442853,0.006951210312442853,0.006951210312442853,0.006951210312442853,0.006951210312442853,0.006951210312442853,0.006951210312442853,,
1.5848931924611172e11,0.14384949961126245,0.15302942008794163,0.15835958146029927,0.1617261151203651,0.1636647905694941,0.16427575602957323,0.16335277777860052,0.16020540223614793,0.15259930267746136,0.2589136296644203,0.31911802860774147,0.11254216824159959,0.006339578077948238,0.006339578077948238,0.006339578077948238,0.006339578077948238,0.006339578077948238,0.006339578077948238,0.006339578077948238,0.006339578077948238,0.006339578077948238,,
2.29086765276777e11,0.1418818198626609,0.15094709048505978,0.15621873480474627,0.15955612085261583,0.16148719718763163,0.16211027023291458,0.1612212038565014,0.15813750498209878,0.15065129365434926,0.25753993044057827,0.31401088495122226,0.10748194401139034,0.005781763109590998,0.005781763109590998,0.005781763109590998,0.005781763109590998,0.005781763109590998,0.005781763109590998,0.005781763109590998,0.005781763109590998,0.005781763109590998,,
3.3113112148259076e11,0.13996518193474392,0.14891874947924807,0.1541333759381111,0.157442371187833,0.1593660749864063,0.1600010089433866,0.15914508908068314,0.15612358279993244,0.1487543645852224,0.25615895616947854,0.30896104734633756,0.10264882051462779,0.005273030008719111,0.005273030008719111,0.005273030008719111,0.005273030008719111,0.005273030008719111,0.005273030008719111,0.005273030008719111,0.005273030008719111,0.005273030008719111,,
4.78630092322638e11,0.1380976743608156,0.14694237591896617,0.15210142836318988,0.1553827622260903,0.15729931276365997,0.15794587180733247,0.15712236407535654,0.1541616252764624,0.14690661824564805,0.2547710607535848,0.3039691778197947,0.09803266014744959,0.004809060055539395,0.004809060055539395,0.004809060055539395,0.004809060055539395,0.004809060055539395,0.004809060055539395,0.004809060055539395,0.004809060055539395,0.004809060055539395,,
6.918309709189363e11,0.13627747780285815,0.14501604604750584,0.1501209156227631,0.15337529140715203,0.15528490099268824,0.15594285961798962,0.15515105913331775,0.15224971887790706,0.1451062489559594,0.2533765946418086,0.29903585273193084,0.09362377075492528,0.004385914542249704,0.004385914542249704,0.004385914542249704,0.004385914542249704,0.004385914542249704,0.004385914542249704,0.004385914542249704,0.004385914542249704,0.004385914542249704,,
1.0e12,0.13450285969024858,0.14313792783631252,0.14818995548022001,0.1514180516167634,0.1533209259103406,0.15399006843581378,0.15322929842410102,0.15038604132302544,0.14335153726952163,0.25197590469623177,0.29416156684780864,0.08941288698453524,0.004000001333334043,0.004000001333334043,0.004000001333334043,0.004000001333334043,0.004000001333334043,0.004000001333334043,0.004000001333334043,0.004000001333334043,0.004000001333334043,,
1.445439770745928e12,0.13277216922007035,0.1413062757004271,0.1463067544925164,0.1495092256901983,0.15140556400351726,0.15208568410494558,0.1513552945922919,0.1485688563352824,0.1416408450189116,0.2505693340654732,0.2893467373086665,0.08539115229673659,0.003648044368860924,0.003648044368860924,0.003648044368860924,0.003648044368860924,0.003648044368860924,0.003648044368860924,0.003648044368860924,0.003648044368860924,0.003648044368860924,,
2.0892961308540322e12,0.13108383269153165,0.13951942556700478,0.14446960294565342,0.14764708128288542,0.14953707686380324,0.1502279771357396,0.14952734371638238,0.14679650874527697,0.13997261069285966,0.2491572220646437,0.28459170749929713,0.08155010162680693,0.0033270558516642155,0.0033270558516642155,0.0033270558516642155,0.0033270558516642155,0.0033270558516642155,0.0033270558516642155,0.0033270558516642155,0.0033270558516642155,0.0033270558516642155,,
3.019951720402019e12,0.12943634914937585,0.1377757902703761,0.14267687012543903,0.1458299660805378,0.14771380638259327,0.14841529792587208,0.14774382060110575,0.14506741991715208,0.13834534511914834,0.24773990406183732,0.2798967508077937,0.0778816446892855,0.0030343108821381647,0.0030343108821381647,0.0030343108821381647,0.0030343108821381647,0.0030343108821381647,0.0030343108821381647,0.0030343108821381647,0.0030343108821381647,0.0030343108821381647,,
4.3651583224016475e12,0.12782828631323803,0.13607385524930027,0.14092699989853644,0.1440563033234827,0.14593417026133615,0.14664607229480472,0.14600317437841492,0.1433800834748649,0.13675762743070308,0.24631771137109015,0.2752620742748956,0.0743780499140249,0.0027673243251842583,0.0027673243251842583,0.0027673243251842583,0.0027673243251842583,0.0027673243251842583,0.0027673243251842583,0.0027673243251842583,0.0027673243251842583,0.0027673243251842583,,
6.309573444801942e12,0.12625827677164958,0.13441217452390591,0.13921850658069598,0.14232458762180064,0.14419665781344312,0.14491879730828439,0.14430392439413936,0.141733061306011,0.13520810129381866,0.24489097115173072,0.2706878221308767,0.07103192900101439,0.0025238297128391,0.0025238297128391,0.0025238297128391,0.0025238297128391,0.0025238297128391,0.0025238297128391,0.0025238297128391,0.0025238297128391,0.0025238297128391,,
9.120108393559078e12,0.12472501442136456,0.13278936693190005,0.13754997107120856,0.14063338104005188,0.14249982603658318,0.14323203737172624,0.1426446563594916,0.14012497982297545,0.1336954713794328,0.24346000631404616,0.2661740792185778,0.0678362220796816,0.0023017600034102373,0.0023017600034102373,0.0023017600034102373,0.0023017600034102373,0.0023017600034102373,0.0023017600034102373,0.0023017600034102373,0.0023017600034102373,0.0023017600034102373,,
1.3182567385564102e13,0.12322725113408586,0.13120411260510614,0.1359200372341384,0.13898130943190792,0.14084229593562664,0.14158442057285583,0.1410240187480985,0.13855452646263774,0.1322185000597278,0.24202513543116835,0.26172087430177704,0.06478418345723139,0.0020992300337245575,0.0020992300337245575,0.0020992300337245575,0.0020992300337245575,0.0020992300337245575,0.0020992300337245575,0.0020992300337245575,0.0020992300337245575,0.0020992300337245575,,
1.9054607179632445e13,0.1217637936341651,0.1296551496689761,0.13432740850851657,0.13736705900664561,0.13922274907814636,0.139974635255623,0.13944071942084213,0.13702044640742778,0.1307760043138241,0.24058667265709074,0.2573281832586158,0.061869367939775516,0.0019145205154875587,0.0019145205154875587,0.0019145205154875587,0.0019145205154875587,0.0019145205154875587,0.0019145205154875587,0.0019145205154875587,0.0019145205154875587,0.0019145205154875587,,
2.7542287033381633e13,0.12033350057220404,0.1281412711491486,0.13277084473114467,0.1357893731109514,0.13763992436587721,0.13840142680888448,0.1378935224622608,0.13552153951194745,0.1293668528276686,0.23914492765070597,0.2529959321602795,0.059085617709363034,0.0017460634398627252,0.0017460634398627252,0.0017460634398627252,0.0017460634398627252,0.0017460634398627252,0.0017460634398627252,0.0017460634398627252,0.0017460634398627252,0.0017460634398627252,,
3.9810717055349695e13,0.11893527978066062,0.12666132207036956,0.131249159156932,0.13424704921077021,0.13609261500682665,0.13686359465463588,0.13638124521352074,0.1340566574206006,0.12798996327437923,0.237700205505767,0.24872400023555338,0.056427049739656045,0.0015924287663416888,0.0015924287663416888,0.0015924287663416888,0.0015924287663416888,0.0015924287663416888,0.0015924287663416888,0.0015924287663416888,0.0015924287663416888,0.0015924287663416888,,
5.7543993733715664e13,0.1175680856984537,0.12521419673402928,0.12976121566265364,0.13273893605890774,0.13457966567370222,0.13535998942153823,0.13490275548791764,0.13262470086259093,0.1266442997621712,0.23625280668665088,0.24451222272224626,0.05388804373274077,0.001452312282897925,0.001452312282897925,0.001452312282897925,0.001452312282897925,0.001452312282897925,0.001452312282897925,0.001452312282897925,0.001452312282897925,0.001452312282897925,,
8.31763771102671e13,0.1162309169531105,0.12379883616221364,0.12830592612170533,0.13126393103581116,0.1330999698360501,0.13388951029120916,0.13345696895657352,0.13122461711231093,0.12532887043856678,0.23480302696980832,0.24036039360681655,0.051463230559482084,0.0013245245343409425,0.0013245245343409425,0.0013245245343409425,0.0013245245343409425,0.0013245245343409425,0.0013245245343409425,0.0013245245343409425,0.0013245245343409425,0.0013245245343409425,,
1.2022644346174131e14,0.11492281408914781,0.1224142256963145,0.1268822479375785,0.1298209776510925,0.13165246725362695,0.1324511025048673,0.13204284669209973,0.12985539760323955,0.12404272523967075,0.23335115739078321,0.23626826825380787,0.04914748118586761,0.0012079807248838816,0.0012079807248838816,0.0012079807248838816,0.0012079807248838816,0.0012079807248838816,0.0012079807248838816,0.0012079807248838816,0.0012079807248838816,0.0012079807248838816,,
1.737800828749369e14,0.11364285743291695,0.12105939273987787,0.12548918172545992,0.12840906319506865,0.1302361416202545,0.13104375501964313,0.1306593928597039,0.1285160756851308,0.12278495377487503,0.23189748419666786,0.23223556592696556,0.04693589606790516,0.0011016915091924895,0.0011016915091924895,0.0011016915091924895,0.0011016915091924895,0.0011016915091924895,0.0011016915091924895,0.0011016915091924895,0.0011016915091924895,0.0011016915091924895,,
2.5118864315095822e14,0.11239016508459794,0.1197334046358457,0.12412576913184842,0.12702721653008534,0.12885001834789117,0.12966649830434845,0.12930565254568885,0.12720572451473022,0.12155468333777973,0.2304422888038687,0.22826197220411432,0.044823794997842746,0.0010047545937355812,0.0010047545937355812,0.0010047545937355812,0.0010047545937355812,0.0010047545937355812,0.0010047545937355812,0.0010047545937355812,0.0010047545937355812,0.0010047545937355812,,
3.6307805477010025e14,0.11116389102846087,0.11843536666880221,0.12279109078254573,0.12567450601185437,0.12749316248112066,0.12831840226495578,0.12798070971373662,0.12592345507068395,0.12035107703451962,0.22898584776105405,0.22434714128806274,0.04280670738477405,0.0009163470771374512,0.0009163470771374512,0.0009163470771374512,0.0009163470771374512,0.0009163470771374512,0.0009163470771374512,0.0009163470771374512,0.0009163470771374512,0.0009163470771374512,,
5.248074602497734e14,0.1099632233539332,0.11716442018434421,0.12148426435093411,0.12435003753262308,0.12616467673385678,0.12699857429163902,0.12668368528095883,0.12466841428485784,0.11917333202216254,0.22752843271713838,0.2204906982159522,0.0408803629529893,0.0008357184645018238,0.0008357184645018238,0.0008357184645018238,0.0008357184645018238,0.0008357184645018238,0.0008357184645018238,0.0008357184645018238,0.0008357184645018238,0.0008357184645018238,,
7.58577575029182e14,0.10878738257959854,0.11591974081724829,0.12020444273798546,0.12305295267750459,0.12486369963956188,0.12570615741871477,0.12541373530517658,0.123439783281768,0.11802067784934281,0.22607031039417394,0.21669224096959713,0.039040682841836045,0.0007621842964098969,0.0007621842964098969,0.0007621842964098969,0.0007621842964098969,0.0007621842964098969,0.0007621842964098969,0.0007621842964098969,0.0007621842964098969,0.0007621842964098969,,
1.0964781961431874e15,0.10763562007385319,0.1147005368218097,0.11895081235720462,0.12178242698709286,0.1235894038080892,0.1244403285906401,0.12417004927669559,0.1222367757195896,0.116892374892978,0.22461174256500888,0.2129513424894589,0.037283771091212455,0.0006951203384969662,0.0006951203384969662,0.0006951203384969662,0.0006951203384969662,0.0006951203384969662,0.0006951203384969662,0.0006951203384969662,0.0006951203384969662,0.0006951203384969662,,
1.584893192461111e15,0.10650721656534441,0.11350604749708079,0.11772259151703308,0.12053766831878762,0.122340994281544,0.12320029702649578,0.12295184850711234,0.12105863622548517,0.11578771288421456,0.22315298603556713,0.20926755259498864,0.03560590649729266,0.0006339572822925809,0.0006339572822925809,0.0006339572822925809,0.0006339572822925809,0.0006339572822925809,0.0006339572822925809,0.0006339572822925809,0.0006339572822925809,0.0006339572822925809,,
2.29086765276777e15,0.10540148073787454,0.1123355417013951,0.11651902889495509,0.11931791530100355,0.121117706983328,0.12198530267715985,0.12175838460945004,0.11990463891972364,0.11470600951839886,0.22169429263161056,0.20564039981411394,0.03400353482348245,0.0005781759123248234,0.0005781759123248234,0.0005781759123248234,0.0005781759123248234,0.0005781759123248234,0.0005781759123248234,0.0005781759123248234,0.0005781759123248234,0.0005781759123248234,,
3.3113112148259075e15,0.10431774790400267,0.11118831645007847,0.11533940209703876,0.11812243587391377,0.11991880725399295,0.1207946147688274,0.12058893806337156,0.11877408602251163,0.1136466091433385,0.2202359091898418,0.2020693931247075,0.0324732613520854,0.0005273026984772422,0.0005273026984772422,0.0005273026984772422,0.0005273026984772422,0.0005273026984772422,0.0005273026984772422,0.0005273026984772422,0.0005273026984772422,0.0005273026984772422,,
4.78630092322638e15,0.10325537875242262,0.110063695591146,0.11418301629757391,0.11695052591132199,0.11874358846848329,0.11962753042748804,0.11944281686016299,0.11766630653838549,0.11260888152100106,0.21877807755319803,0.19855402361088526,0.031011843762621897,0.00048090577616420393,0.00048090577616420393,0.00048090577616420393,0.00048090577616420393,0.00048090577616420393,0.00048090577616420393,0.00048090577616420393,0.00048090577616420393,0.00048090577616420393,,
6.918309709189363e15,0.10221375816444511,0.10896102855404748,0.113049202953735,0.11580150791852795,0.11759137072961694,0.11848337337923891,0.11831935522244275,0.11658065501326406,0.11159222065803436,0.2173210345701975,0.19509376603699954,0.029616185323206617,0.00043859128021478877,0.00043859128021478877,0.00043859128021478877,0.00043859128021478877,0.00043859128021478877,0.00043859128021478877,0.00043859128021478877,0.00043859128021478877,0.00043859128021478877,,
1.0e16,0.10119229409529566,0.107879689166929,0.11193731859061666,0.114674729801475,0.11646149963307921,0.11736149272173449,0.11721791239396939,0.11551651035967041,0.11059604370087861,0.21586501209819148,0.19168808034218598,0.02828332838185563,0.0004000000013334458,0.0004000000013334458,0.0004000000013334458,0.0004000000013334458,0.0004000000013334458,0.0004000000013334458,0.0004000000013334458,0.0004000000013334458,0.0004000000013334458,,
